5,2020-03-20 20:30,2020-03-16 22:30,Topics
5,2020-03-20 20:30,2020-03-16 22:30,Topics
5,2020-03-20 20:30,2020-03-16 22:30,Topics
5,2020-03-20 20:30,2020-03-16 22:30,Topics
5,2020-03-20 20:30,2020-03-16 22:30,Topics
5,2020-03-20 20:30,2020-03-16 22:30,Topics
5,2020-03-20 20:30,2020-03-16 22:30,Topics
5,2020-03-20 20:30,2020-03-16 22:30,Topics
5,2020-03-20 20:30,2020-03-16 22:30,Topics
5,2020-03-20 20:30,2020-03-16 22:30,Topics
5,2020-03-20 20:30,2020-03-16 22:30,Topics
5,2020-03-20 20:30,2020-03-16 22:30,Topics
5,2020-03-20 20:30,2020-03-16 22:30,Topics
5,2020-03-20 20:30,2020-03-16 22:30,Topics
5,2020-03-20 20:30,2020-03-16 22:30,Topics
5,2020-03-20 20:30,2020-03-16 22:30,Topics
5,2020-03-20 20:30,2020-03-16 22:30,Topics
5,2020-03-20 20:30,2020-03-16 22:30,Topics
5,2020-03-20 20:30,2020-03-16 22:30,Topics
5,2020-03-20 20:30,2020-03-16 22:30,Topics
5,2020-03-20 20:30,2020-03-16 22:30,Topics
5,2020-03-20 20:30,2020-03-16 22:30,Topics
5,2020-03-20 20:30,2020-03-16 22:30,Topics
5,2020-03-20 20:30,2020-03-16 22:30,Topics
5,2020-03-20 20:30,2020-03-16 22:30,Topics
5,2020-03-20 20:30,2020-03-16 22:30,Topics
5,2020-03-20 20:30,2020-03-16 22:30,Topics
5,2020-03-20 20:30,2020-03-16 22:30,Topics
5,2020-03-20 20:30,2020-03-16 22:30,Topics
5,2020-03-20 20:30,2020-03-16 22:30,Topics
5,2020-03-20 20:30,2020-03-16 22:30,Topics
5,2020-03-20 20:30,2020-03-16 22:30,Topics
5,2020-03-20 20:30,2020-03-16 22:30,Topics
5,2020-03-20 20:30,2020-03-16 22:30,Topics
5,2020-03-20 20:30,2020-03-16 22:30,Topics
5,2020-03-20 20:30,2020-03-16 22:30,Topics
5,2020-03-20 20:30,2020-03-16 22:30,Topics
5,2020-03-20 20:30,2020-03-16 22:30,Topics
5,2020-03-20 20:30,2020-03-16 22:30,Topics
5,2020-03-20 20:30,2020-03-16 22:30,Topics
5,2020-03-20 20:30,2020-03-16 22:30,Topics
5,2020-03-20 20:30,2020-03-16 22:30,Topics
5,2020-03-20 20:30,2020-03-16 22:30,Topics
5,2020-03-20 20:30,2020-03-16 22:30,Topics
5,2020-03-20 20:30,2020-03-16 22:30,Topics
5,2020-03-20 20:30,2020-03-16 22:30,Topics
5,2020-03-20 20:30,2020-03-16 22:30,Topics
5,2020-03-20 20:30,2020-03-16 22:30,Topics
5,2020-03-20 20:30,2020-03-16 22:30,Topics
5,2020-03-20 20:30,2020-03-16 22:30,Topics
5,2020-03-20 20:30,2020-03-16 22:30,Topics
5,2020-03-20 20:30,2020-03-16 22:30,Topics
5,2020-03-20 20:30,2020-03-16 22:30,Topics
5,2020-03-20 20:30,2020-03-16 22:30,Topics
5,2020-03-20 20:30,2020-03-16 22:30,Topics
5,2020-03-20 20:30,2020-03-16 22:30,Topics
5,2020-03-20 20:30,2020-03-16 22:30,Topics
5,2020-03-20 20:30,2020-03-16 22:30,Topics
5,2020-03-20 20:30,2020-03-16 22:30,Topics
5,2020-03-20 20:30,2020-03-16 22:30,Topics
5,2020-03-20 20:30,2020-03-16 22:30,Topics
5,2020-03-20 20:30,2020-03-16 22:30,Topics
5,2020-03-20 20:30,2020-03-16 22:30,Topics
5,2020-03-20 20:30,2020-03-16 22:30,Topics
5,2020-03-20 20:30,2020-03-16 22:30,Topics
5,2020-03-20 20:30,2020-03-16 22:30,Topics
5,2020-03-20 20:30,2020-03-16 22:30,Topics
5,2020-03-20 20:30,2020-03-16 22:30,Topics
5,2020-03-20 20:30,2020-03-16 22:30,Topics
5,2020-03-20 20:30,2020-03-16 22:30,Topics
5,2020-03-20 20:30,2020-03-16 22:30,Topics
5,2020-03-20 20:30,2020-03-16 22:30,Topics
5,2020-03-20 20:30,2020-03-16 22:30,Topics
5,2020-03-20 20:30,2020-03-16 22:30,Topics
5,2020-03-20 20:30,2020-03-16 22:30,Topics
5,2020-03-20 20:30,2020-03-16 22:30,Topics
5,2020-03-20 20:30,2020-03-16 22:30,Topics
5,2020-03-20 20:30,2020-03-16 22:30,Topics
5,2020-03-20 20:30,2020-03-16 22:30,Topics
5,2020-03-20 20:30,2020-03-16 22:30,Topics
5,2020-03-20 20:30,2020-03-16 22:30,Topics
5,2020-03-20 20:30,2020-03-16 22:30,Topics
5,2020-03-20 20:30,2020-03-16 22:30,Topics
5,2020-03-20 20:30,2020-03-16 22:30,Topics
5,2020-03-20 20:30,2020-03-16 22:30,Topics
5,2020-03-20 20:30,2020-03-16 22:30,Topics
5,2020-03-20 20:30,2020-03-16 22:30,Topics
5,2020-03-20 20:30,2020-03-16 22:30,Topics
5,2020-03-20 20:30,2020-03-16 22:30,Topics
5,2020-03-20 20:30,2020-03-16 22:30,Topics
5,2020-03-20 20:30,2020-03-16 22:30,Topics
5,2020-03-20 20:30,2020-03-16 22:30,Topics
5,2020-03-20 20:30,2020-03-16 22:30,Topics
5,2020-03-20 20:30,2020-03-16 22:30,Topics
5,2020-03-20 20:30,2020-03-16 22:30,Topics
5,2020-03-20 20:30,2020-03-16 22:30,Topics
5,2020-03-20 20:30,2020-03-16 22:30,Topics
5,2020-03-20 20:30,2020-03-16 22:30,Topics
5,2020-03-20 20:30,2020-03-16 22:30,Topics
5,2020-03-20 20:30,2020-03-16 22:30,Topics
5,2020-03-20 20:30,2020-03-16 22:30,Topics
5,2020-03-20 20:30,2020-03-16 22:30,Topics
5,2020-03-20 20:30,2020-03-16 22:30,Topics
5,2020-03-20 20:30,2020-03-16 22:30,Topics
5,2020-03-20 20:30,2020-03-16 22:30,Topics
5,2020-03-20 20:30,2020-03-16 22:30,Topics
5,2020-03-20 20:30,2020-03-16 22:30,Topics
5,2020-03-20 20:30,2020-03-16 22:30,Topics
5,2020-03-20 20:30,2020-03-16 22:30,Topics
5,2020-03-20 20:30,2020-03-16 22:30,Topics
5,2020-03-20 20:30,2020-03-16 22:30,Topics
5,2020-03-20 20:30,2020-03-16 22:30,Topics
5,2020-03-20 20:30,2020-03-16 22:30,Topics
5,2020-03-20 20:30,2020-03-16 22:30,Topics
5,2020-03-20 20:30,2020-03-16 22:30,Topics
5,2020-03-20 20:30,2020-03-16 22:30,Topics
5,2020-03-20 20:30,2020-03-16 22:30,Topics
5,2020-03-20 20:30,2020-03-16 22:30,Topics
5,2020-03-20 20:30,2020-03-16 22:30,Topics
5,2020-03-20 20:30,2020-03-16 22:30,Topics
5,2020-03-20 20:30,2020-03-16 22:30,Topics
5,2020-03-20 20:30,2020-03-16 22:30,Topics
5,2020-03-20 20:30,2020-03-16 22:30,Topics
5,2020-03-20 20:30,2020-03-16 22:30,Topics
5,2020-03-20 20:30,2020-03-16 22:30,Topics
5,2020-03-20 20:30,2020-03-16 22:30,Topics
5,2020-03-20 20:30,2020-03-16 22:30,Topics
5,2020-03-20 20:30,2020-03-16 22:30,Topics
5,2020-03-20 20:30,2020-03-16 22:30,Topics
5,2020-03-20 20:30,2020-03-16 22:30,Topics
5,2020-03-20 20:30,2020-03-16 22:30,Topics
5,2020-03-20 20:30,2020-03-16 22:30,Topics
5,2020-03-20 20:30,2020-03-16 22:30,Topics
5,2020-03-20 20:30,2020-03-16 22:30,Topics
5,2020-03-20 20:30,2020-03-16 22:30,Topics
5,2020-03-20 20:30,2020-03-16 22:30,Topics
5,2020-03-20 20:30,2020-03-16 22:30,Topics
5,2020-03-20 20:30,2020-03-16 22:30,Topics
5,2020-03-20 20:30,2020-03-16 22:30,Topics
5,2020-03-20 20:30,2020-03-16 22:30,Topics
5,2020-03-20 20:30,2020-03-16 22:30,Topics
5,2020-03-20 20:30,2020-03-16 22:30,Topics
5,2020-03-20 20:30,2020-03-16 22:30,Topics
5,2020-03-20 20:30,2020-03-16 22:30,Topics
5,2020-03-20 20:30,2020-03-16 22:30,Topics
5,2020-03-20 20:30,2020-03-16 22:30,Topics
5,2020-03-20 20:30,2020-03-16 22:30,Topics
5,2020-03-20 20:30,2020-03-16 22:30,Topics
5,2020-03-20 20:30,2020-03-16 22:30,Topics
5,2020-03-20 20:30,2020-03-16 22:30,Topics
5,2020-03-20 20:30,2020-03-16 22:30,Topics
5,2020-03-20 20:30,2020-03-16 22:30,Topics
5,2020-03-20 20:30,2020-03-16 22:30,Topics
5,2020-03-20 20:30,2020-03-16 22:30,Topics
5,2020-03-20 20:30,2020-03-16 22:30,Topics
5,2020-03-20 20:30,2020-03-16 22:30,Topics
5,2020-03-20 20:30,2020-03-16 22:30,Topics
5,2020-03-20 20:30,2020-03-16 22:30,Topics
5,2020-03-20 20:30,2020-03-16 22:30,Topics
5,2020-03-20 20:30,2020-03-16 22:30,Topics
5,2020-03-20 20:30,2020-03-16 22:30,Topics
5,2020-03-20 20:30,2020-03-16 22:30,Topics
5,2020-03-20 20:30,2020-03-16 22:30,Topics
5,2020-03-20 20:30,2020-03-16 22:30,Topics
5,2020-03-20 20:30,2020-03-16 22:30,Topics
5,2020-03-20 20:30,2020-03-16 22:30,Topics
5,2020-03-20 20:30,2020-03-16 22:30,Topics
5,2020-03-20 20:30,2020-03-16 22:30,Topics
5,2020-03-20 20:30,2020-03-16 22:30,Topics
5,2020-03-20 20:30,2020-03-16 22:30,Topics
5,2020-03-20 20:30,2020-03-16 22:30,Topics
5,2020-03-20 20:30,2020-03-16 22:30,Topics
5,2020-03-20 20:30,2020-03-16 22:30,Topics
5,2020-03-20 20:30,2020-03-16 22:30,Topics
5,2020-03-20 20:30,2020-03-16 22:30,Topics
5,2020-03-20 20:30,2020-03-16 22:30,Topics
5,2020-03-20 20:30,2020-03-16 22:30,Topics
5,2020-03-20 20:30,2020-03-16 22:30,Topics
5,2020-03-20 20:30,2020-03-16 22:30,Topics
5,2020-03-20 20:30,2020-03-16 22:30,Topics
5,2020-03-20 20:30,2020-03-16 22:30,Topics
5,2020-03-20 20:30,2020-03-16 22:30,Topics
5,2020-03-20 20:30,2020-03-16 22:30,Topics
5,2020-03-20 20:30,2020-03-16 22:30,Topics
5,2020-03-20 20:30,2020-03-16 22:30,Topics
5,2020-03-20 20:30,2020-03-16 22:30,Topics
5,2020-03-20 20:30,2020-03-16 22:30,Topics
5,2020-03-20 20:30,2020-03-16 22:30,Topics
5,2020-03-20 20:30,2020-03-16 22:30,Topics
5,2020-03-20 20:30,2020-03-16 22:30,Topics
5,2020-03-20 20:30,2020-03-16 22:30,Topics
5,2020-03-20 20:30,2020-03-16 22:30,Topics
5,2020-03-20 20:30,2020-03-16 22:30,Topics
5,2020-03-20 20:30,2020-03-16 22:30,Topics
5,2020-03-20 20:30,2020-03-16 22:30,Topics
5,2020-03-20 20:30,2020-03-16 22:30,Topics
5,2020-03-20 20:30,2020-03-16 22:30,Topics
5,2020-03-20 20:30,2020-03-16 22:30,Topics
5,2020-03-20 20:30,2020-03-16 22:30,Topics
5,2020-03-20 20:30,2020-03-16 22:30,Topics
5,2020-03-20 20:30,2020-03-16 22:30,Topics
5,2020-03-20 20:30,2020-03-16 22:30,Topics
5,2020-03-20 20:30,2020-03-16 22:30,Topics
5,2020-03-20 20:30,2020-03-16 22:30,Topics
5,2020-03-20 20:30,2020-03-16 22:30,Topics
5,2020-03-20 20:30,2020-03-16 22:30,Topics
5,2020-03-20 20:30,2020-03-16 22:30,Topics
5,2020-03-20 20:30,2020-03-16 22:30,Topics
5,2020-03-20 20:30,2020-03-16 22:30,Topics
5,2020-03-20 20:30,2020-03-16 22:30,Topics
5,2020-03-20 20:30,2020-03-16 22:30,Topics
5,2020-03-20 20:30,2020-03-16 22:30,Topics
5,2020-03-20 20:30,2020-03-16 22:30,Topics
5,2020-03-20 20:30,2020-03-16 22:30,Topics
5,2020-03-20 20:30,2020-03-16 22:30,Topics
5,2020-03-20 20:30,2020-03-16 22:30,Topics
5,2020-03-20 20:30,2020-03-16 22:30,Topics
5,2020-03-20 20:30,2020-03-16 22:30,Topics
5,2020-03-20 20:30,2020-03-16 22:30,Topics
5,2020-03-20 20:30,2020-03-16 22:30,Topics
5,2020-03-20 20:30,2020-03-16 22:30,Topics
5,2020-03-20 20:30,2020-03-16 22:30,Topics
5,2020-03-20 20:30,2020-03-16 22:30,Topics
5,2020-03-20 20:30,2020-03-16 22:30,Topics
5,2020-03-20 20:30,2020-03-16 22:30,Topics
5,2020-03-20 20:30,2020-03-16 22:30,Topics
5,2020-03-20 20:30,2020-03-16 22:30,Topics
5,2020-03-20 20:30,2020-03-16 22:30,Topics
5,2020-03-20 20:30,2020-03-16 22:30,Topics
5,2020-03-20 20:30,2020-03-16 22:30,Topics
5,2020-03-20 20:30,2020-03-16 22:30,Topics
5,2020-03-20 20:30,2020-03-16 22:30,Topics
5,2020-03-20 20:30,2020-03-16 22:30,Topics
5,2020-03-20 20:30,2020-03-16 22:30,Topics
5,2020-03-20 20:30,2020-03-16 22:30,Topics
5,2020-03-20 20:30,2020-03-16 22:30,Topics
5,2020-03-20 20:30,2020-03-16 22:30,Topics
5,2020-03-20 20:30,2020-03-16 22:30,Topics
5,2020-03-20 20:30,2020-03-16 22:30,Topics
5,2020-03-20 20:30,2020-03-16 22:30,Topics
5,2020-03-20 20:30,2020-03-16 22:30,Topics
5,2020-03-20 20:30,2020-03-16 22:30,Topics
5,2020-03-20 20:30,2020-03-16 22:30,Topics
5,2020-03-20 20:30,2020-03-16 22:30,Topics
5,2020-03-20 20:30,2020-03-16 22:30,Topics
5,2020-03-20 20:30,2020-03-16 22:30,Topics
5,2020-03-20 20:30,2020-03-16 22:30,Topics
5,2020-03-20 20:30,2020-03-16 22:30,Topics
5,2020-03-20 20:30,2020-03-16 22:30,Topics
5,2020-03-20 20:30,2020-03-16 22:30,Topics
5,2020-03-20 20:30,2020-03-16 22:30,Topics
5,2020-03-20 20:30,2020-03-16 22:30,Topics
5,2020-03-20 20:30,2020-03-16 22:30,Topics
5,2020-03-20 20:30,2020-03-16 22:30,Topics
5,2020-03-20 20:30,2020-03-16 22:30,Topics
5,2020-03-20 20:30,2020-03-16 22:30,Topics
5,2020-03-20 20:30,2020-03-16 22:30,Topics
5,2020-03-20 20:30,2020-03-16 22:30,Topics
5,2020-03-20 20:30,2020-03-16 22:30,Topics
5,2020-03-20 20:30,2020-03-16 22:30,Topics
5,2020-03-20 20:30,2020-03-16 22:30,Topics
5,2020-03-20 20:30,2020-03-16 22:30,Topics
5,2020-03-20 20:30,2020-03-16 22:30,Topics
5,2020-03-20 20:30,2020-03-16 22:30,Topics
5,2020-03-20 20:30,2020-03-16 22:30,Topics
5,2020-03-20 20:30,2020-03-16 22:30,Topics
5,2020-03-20 20:30,2020-03-16 22:30,Topics
5,2020-03-20 20:30,2020-03-16 22:30,Topics
5,2020-03-20 20:30,2020-03-16 22:30,Topics
5,2020-03-20 20:30,2020-03-16 22:30,Topics
5,2020-03-20 20:30,2020-03-16 22:30,Topics
5,2020-03-20 20:30,2020-03-16 22:30,Topics
5,2020-03-20 20:30,2020-03-16 22:30,Topics
5,2020-03-20 20:30,2020-03-16 22:30,Topics
5,2020-03-20 20:30,2020-03-16 22:30,Topics
5,2020-03-20 20:30,2020-03-16 22:30,Topics
5,2020-03-20 20:30,2020-03-16 22:30,Topics
5,2020-03-20 20:30,2020-03-16 22:30,Topics
5,2020-03-20 20:30,2020-03-16 22:30,Topics
5,2020-03-20 20:30,2020-03-16 22:30,Topics
5,2020-03-20 20:30,2020-03-16 22:30,Topics
5,2020-03-20 20:30,2020-03-16 22:30,Topics
5,2020-03-20 20:30,2020-03-16 22:30,Topics
5,2020-03-20 20:30,2020-03-16 22:30,Topics
5,2020-03-20 20:30,2020-03-16 22:30,Topics
5,2020-03-20 20:30,2020-03-16 22:30,Topics
5,2020-03-20 20:30,2020-03-16 22:30,Topics
5,2020-03-20 20:30,2020-03-16 22:30,Topics
5,2020-03-20 20:30,2020-03-16 22:30,Topics
5,2020-03-20 20:30,2020-03-16 22:30,Topics
5,2020-03-20 20:30,2020-03-16 22:30,Topics
5,2020-03-20 20:30,2020-03-16 22:30,Topics
5,2020-03-20 20:30,2020-03-16 22:30,Topics
5,2020-03-20 20:30,2020-03-16 22:30,Topics
5,2020-03-20 20:30,2020-03-16 22:30,Topics
5,2020-03-20 20:30,2020-03-16 22:30,Topics
5,2020-03-20 20:30,2020-03-16 22:30,Topics
5,2020-03-20 20:30,2020-03-16 22:30,Topics
5,2020-03-20 20:30,2020-03-16 22:30,Topics
5,2020-03-20 20:30,2020-03-16 22:30,Topics
5,2020-03-20 20:30,2020-03-16 22:30,Topics
5,2020-03-20 20:30,2020-03-16 22:30,Topics
5,2020-03-20 20:30,2020-03-16 22:30,Topics
5,2020-03-20 20:30,2020-03-16 22:30,Topics
5,2020-03-20 20:30,2020-03-16 22:30,Topics
5,2020-03-20 20:30,2020-03-16 22:30,Topics
5,2020-03-20 20:30,2020-03-16 22:30,Topics
5,2020-03-20 20:30,2020-03-16 22:30,Topics
5,2020-03-20 20:30,2020-03-16 22:30,Topics
5,2020-03-20 20:30,2020-03-16 22:30,Topics
5,2020-03-20 20:30,2020-03-16 22:30,Topics
5,2020-03-20 20:30,2020-03-16 22:30,Topics
5,2020-03-20 20:30,2020-03-16 22:30,Topics
5,2020-03-20 20:30,2020-03-16 22:30,Topics
5,2020-03-20 20:30,2020-03-16 22:30,Topics
5,2020-03-20 20:30,2020-03-16 22:30,Topics
5,2020-03-20 20:30,2020-03-16 22:30,Topics
5,2020-03-20 20:30,2020-03-16 22:30,Topics
5,2020-03-20 20:30,2020-03-16 22:30,Topics
5,2020-03-20 20:30,2020-03-16 22:30,Topics
5,2020-03-20 20:30,2020-03-16 22:30,Topics
5,2020-03-20 20:30,2020-03-16 22:30,Topics
5,2020-03-20 20:30,2020-03-16 22:30,Topics
5,2020-03-20 20:30,2020-03-16 22:30,Topics
5,2020-03-20 20:30,2020-03-16 22:30,Topics
5,2020-03-20 20:30,2020-03-16 22:30,Topics
5,2020-03-20 20:30,2020-03-16 22:30,Topics
5,2020-03-20 20:30,2020-03-16 22:30,Topics
5,2020-03-20 20:30,2020-03-16 22:30,Topics
5,2020-03-20 20:30,2020-03-16 22:30,Topics
5,2020-03-20 20:30,2020-03-16 22:30,Topics
5,2020-03-20 20:30,2020-03-16 22:30,Topics
5,2020-03-20 20:30,2020-03-16 22:30,Topics
5,2020-03-20 20:30,2020-03-16 22:30,Topics
5,2020-03-20 20:30,2020-03-16 22:30,Topics
5,2020-03-20 20:30,2020-03-16 22:30,Topics
5,2020-03-20 20:30,2020-03-16 22:30,Topics
5,2020-03-20 20:30,2020-03-16 22:30,Topics
5,2020-03-20 20:30,2020-03-16 22:30,Topics
5,2020-03-20 20:30,2020-03-16 22:30,Topics
5,2020-03-20 20:30,2020-03-16 22:30,Topics
5,2020-03-20 20:30,2020-03-16 22:30,Topics
5,2020-03-20 20:30,2020-03-16 22:30,Topics
5,2020-03-20 20:30,2020-03-16 22:30,Topics
5,2020-03-20 20:30,2020-03-16 22:30,Topics
5,2020-03-20 20:30,2020-03-16 22:30,Topics
5,2020-03-20 20:30,2020-03-16 22:30,Topics
5,2020-03-20 20:30,2020-03-16 22:30,Topics
5,2020-03-20 20:30,2020-03-16 22:30,Topics
5,2020-03-20 20:30,2020-03-16 22:30,Topics
5,2020-03-20 20:30,2020-03-16 22:30,Topics
5,2020-03-20 20:30,2020-03-16 22:30,Topics
5,2020-03-20 20:30,2020-03-16 22:30,Topics
5,2020-03-20 20:30,2020-03-16 22:30,Topics
5,2020-03-20 20:30,2020-03-16 22:30,Topics
5,2020-03-20 20:30,2020-03-16 22:30,Topics
5,2020-03-20 20:30,2020-03-16 22:30,Topics
5,2020-03-20 20:30,2020-03-16 22:30,Topics
5,2020-03-20 20:30,2020-03-16 22:30,Topics
5,2020-03-20 20:30,2020-03-16 22:30,Topics
5,2020-03-20 20:30,2020-03-16 22:30,Topics
5,2020-03-20 20:30,2020-03-16 22:30,Topics
5,2020-03-20 20:30,2020-03-16 22:30,Topics
5,2020-03-20 20:30,2020-03-16 22:30,Topics
5,2020-03-20 20:30,2020-03-16 22:30,Topics
5,2020-03-20 20:30,2020-03-16 22:30,Topics
5,2020-03-20 20:30,2020-03-16 22:30,Topics
5,2020-03-20 20:30,2020-03-16 22:30,Topics
5,2020-03-20 20:30,2020-03-16 22:30,Topics
5,2020-03-20 20:30,2020-03-16 22:30,Topics
5,2020-03-20 20:30,2020-03-16 22:30,Topics
5,2020-03-20 20:30,2020-03-16 22:30,Topics
5,2020-03-20 20:30,2020-03-16 22:30,Topics
5,2020-03-20 20:30,2020-03-16 22:30,Topics
5,2020-03-20 20:30,2020-03-16 22:30,Topics
5,2020-03-20 20:30,2020-03-16 22:30,Topics
5,2020-03-20 20:30,2020-03-16 22:30,Topics
5,2020-03-20 20:30,2020-03-16 22:30,Topics
5,2020-03-20 20:30,2020-03-16 22:30,Topics
5,2020-03-20 20:30,2020-03-16 22:30,Topics
5,2020-03-20 20:30,2020-03-16 22:30,Topics
5,2020-03-20 20:30,2020-03-16 22:30,Topics
5,2020-03-20 20:30,2020-03-16 22:30,Topics
5,2020-03-20 20:30,2020-03-16 22:30,Topics
5,2020-03-20 20:30,2020-03-16 22:30,Topics
5,2020-03-20 20:30,2020-03-16 22:30,Topics
5,2020-03-20 20:30,2020-03-16 22:30,Topics
5,2020-03-20 20:30,2020-03-16 22:30,Topics
5,2020-03-20 20:30,2020-03-16 22:30,Topics
5,2020-03-20 20:30,2020-03-16 22:30,Topics
5,2020-03-20 20:30,2020-03-16 22:30,Topics
5,2020-03-20 20:30,2020-03-16 22:30,Topics
5,2020-03-20 20:30,2020-03-16 22:30,Topics
5,2020-03-20 20:30,2020-03-16 22:30,Topics
5,2020-03-20 20:30,2020-03-16 22:30,Topics
5,2020-03-20 20:30,2020-03-16 22:30,Topics
5,2020-03-20 20:30,2020-03-16 22:30,Topics
5,2020-03-20 20:30,2020-03-16 22:30,Topics
5,2020-03-20 20:30,2020-03-16 22:30,Topics
5,2020-03-20 20:30,2020-03-16 22:30,Topics
5,2020-03-20 20:30,2020-03-16 22:30,Topics
5,2020-03-20 20:30,2020-03-16 22:30,Topics
5,2020-03-20 20:30,2020-03-16 22:30,Topics
5,2020-03-20 20:30,2020-03-16 22:30,Topics
5,2020-03-20 20:30,2020-03-16 22:30,Topics
5,2020-03-20 20:30,2020-03-16 22:30,Topics
5,2020-03-20 20:30,2020-03-16 22:30,Topics
5,2020-03-20 20:30,2020-03-16 22:30,Topics
5,2020-03-20 20:30,2020-03-16 22:30,Topics
5,2020-03-20 20:30,2020-03-16 22:30,Topics
5,2020-03-20 20:30,2020-03-16 22:30,Topics
5,2020-03-20 20:30,2020-03-16 22:30,Topics
5,2020-03-20 20:30,2020-03-16 22:30,Topics
5,2020-03-20 20:30,2020-03-16 22:30,Topics
5,2020-03-20 20:30,2020-03-16 22:30,Topics
5,2020-03-20 20:30,2020-03-16 22:30,Topics
5,2020-03-20 20:30,2020-03-16 22:30,Topics
5,2020-03-20 20:30,2020-03-16 22:30,Topics
5,2020-03-20 20:30,2020-03-16 22:30,Topics
5,2020-03-20 20:30,2020-03-16 22:30,Topics
5,2020-03-20 20:30,2020-03-16 22:30,Topics
5,2020-03-20 20:30,2020-03-16 22:30,Topics
5,2020-03-20 20:30,2020-03-16 22:30,Topics
5,2020-03-20 20:30,2020-03-16 22:30,Topics
5,2020-03-20 20:30,2020-03-16 22:30,Topics
5,2020-03-20 20:30,2020-03-16 22:30,Topics
5,2020-03-20 20:30,2020-03-16 22:30,Topics
5,2020-03-20 20:30,2020-03-16 22:30,Topics
5,2020-03-20 20:30,2020-03-16 22:30,Topics
5,2020-03-20 20:30,2020-03-16 22:30,Topics
5,2020-03-20 20:30,2020-03-16 22:30,Topics
5,2020-03-20 20:30,2020-03-16 22:30,Topics
5,2020-03-20 20:30,2020-03-16 22:30,Topics
5,2020-03-20 20:30,2020-03-16 22:30,Topics
5,2020-03-20 20:30,2020-03-16 22:30,Topics
5,2020-03-20 20:30,2020-03-16 22:30,Topics
5,2020-03-20 20:30,2020-03-16 22:30,Topics
5,2020-03-20 20:30,2020-03-16 22:30,Topics
5,2020-03-20 20:30,2020-03-16 22:30,Topics
5,2020-03-20 20:30,2020-03-16 22:30,Topics
5,2020-03-20 20:30,2020-03-16 22:30,Topics
5,2020-03-20 20:30,2020-03-16 22:30,Topics
5,2020-03-20 20:30,2020-03-16 22:30,Topics
5,2020-03-20 20:30,2020-03-16 22:30,Topics
5,2020-03-20 20:30,2020-03-16 22:30,Topics
5,2020-03-20 20:30,2020-03-16 22:30,Topics
5,2020-03-20 20:30,2020-03-16 22:30,Topics
5,2020-03-20 20:30,2020-03-16 22:30,Topics
5,2020-03-20 20:30,2020-03-16 22:30,Topics
5,2020-03-20 20:30,2020-03-16 22:30,Topics
5,2020-03-20 20:30,2020-03-16 22:30,Topics
5,2020-03-20 20:30,2020-03-16 22:30,Topics
5,2020-03-20 20:30,2020-03-16 22:30,Topics
5,2020-03-20 20:30,2020-03-16 22:30,Topics
5,2020-03-20 20:30,2020-03-16 22:30,Topics
5,2020-03-20 20:30,2020-03-16 22:30,Topics
5,2020-03-20 20:30,2020-03-16 22:30,Topics
5,2020-03-20 20:30,2020-03-16 22:30,Topics
5,2020-03-20 20:30,2020-03-16 22:30,Topics
5,2020-03-20 20:30,2020-03-16 22:30,Topics
5,2020-03-20 20:30,2020-03-16 22:30,Topics
5,2020-03-20 20:30,2020-03-16 22:30,Topics
5,2020-03-20 20:30,2020-03-16 22:30,Topics
5,2020-03-20 20:30,2020-03-16 22:30,Topics
5,2020-03-20 20:30,2020-03-16 22:30,Topics
5,2020-03-20 20:30,2020-03-16 22:30,Topics
5,2020-03-20 20:30,2020-03-16 22:30,Topics
5,2020-03-20 20:30,2020-03-16 22:30,Topics
5,2020-03-20 20:30,2020-03-16 22:30,Topics
5,2020-03-20 20:30,2020-03-16 22:30,Topics
5,2020-03-20 20:30,2020-03-16 22:30,Topics
5,2020-03-20 20:30,2020-03-16 22:30,Topics
5,2020-03-20 20:30,2020-03-16 22:30,Topics
5,2020-03-20 20:30,2020-03-16 22:30,Topics
5,2020-03-20 20:30,2020-03-16 22:30,Topics
5,2020-03-20 20:30,2020-03-16 22:30,Topics
5,2020-03-20 20:30,2020-03-16 22:30,Topics
5,2020-03-20 20:30,2020-03-16 22:30,Topics
5,2020-03-20 20:30,2020-03-16 22:30,Topics
5,2020-03-20 20:30,2020-03-16 22:30,Topics
5,2020-03-20 20:30,2020-03-16 22:30,Topics
5,2020-03-20 20:30,2020-03-16 22:30,Topics
5,2020-03-20 20:30,2020-03-16 22:30,Topics
5,2020-03-20 20:30,2020-03-16 22:30,Topics
5,2020-03-20 20:30,2020-03-16 22:30,Topics
5,2020-03-20 20:30,2020-03-16 22:30,Topics
5,2020-03-20 20:30,2020-03-16 22:30,Topics
5,2020-03-20 20:30,2020-03-16 22:30,Topics
5,2020-03-20 20:30,2020-03-16 22:30,Topics
5,2020-03-20 20:30,2020-03-16 22:30,Topics
5,2020-03-20 20:30,2020-03-16 22:30,Topics
5,2020-03-20 20:30,2020-03-16 22:30,Topics
5,2020-03-20 20:30,2020-03-16 22:30,Topics
5,2020-03-20 20:30,2020-03-16 22:30,Topics
5,2020-03-20 20:30,2020-03-16 22:30,Topics
5,2020-03-20 20:30,2020-03-16 22:30,Topics
5,2020-03-20 20:30,2020-03-16 22:30,Topics
5,2020-03-20 20:30,2020-03-16 22:30,Topics
5,2020-03-20 20:30,2020-03-16 22:30,Topics
5,2020-03-20 20:30,2020-03-16 22:30,Topics
5,2020-03-20 20:30,2020-03-16 22:30,Topics
5,2020-03-20 20:30,2020-03-16 22:30,Topics
5,2020-03-20 20:30,2020-03-16 22:30,Topics
5,2020-03-20 20:30,2020-03-16 22:30,Topics
5,2020-03-20 20:30,2020-03-16 22:30,Topics
5,2020-03-20 20:30,2020-03-16 22:30,Topics
5,2020-03-20 20:30,2020-03-16 22:30,Topics
5,2020-03-20 20:30,2020-03-16 22:30,Topics
5,2020-03-20 20:30,2020-03-16 22:30,Topics
5,2020-03-20 20:30,2020-03-16 22:30,Topics
5,2020-03-20 20:30,2020-03-16 22:30,Topics
5,2020-03-20 20:30,2020-03-16 22:30,Topics
5,2020-03-20 20:30,2020-03-16 22:30,Topics
5,2020-03-20 20:30,2020-03-16 22:30,Topics
5,2020-03-20 20:30,2020-03-16 22:30,Topics
5,2020-03-20 20:30,2020-03-16 22:30,Topics
5,2020-03-20 20:30,2020-03-16 22:30,Topics
5,2020-03-20 20:30,2020-03-16 22:30,Topics
5,2020-03-20 20:30,2020-03-16 22:30,Topics
5,2020-03-20 20:30,2020-03-16 22:30,Topics
5,2020-03-20 20:30,2020-03-16 22:30,Topics
5,2020-03-20 20:30,2020-03-16 22:30,Topics
5,2020-03-20 20:30,2020-03-16 22:30,Topics
5,2020-03-20 20:30,2020-03-16 22:30,Topics
5,2020-03-20 20:30,2020-03-16 22:30,Topics
5,2020-03-20 20:30,2020-03-16 22:30,Topics
5,2020-03-20 20:30,2020-03-16 22:30,Topics
5,2020-03-20 20:30,2020-03-16 22:30,Topics
5,2020-03-20 20:30,2020-03-16 22:30,Topics
5,2020-03-20 20:30,2020-03-16 22:30,Topics
5,2020-03-20 20:30,2020-03-16 22:30,Topics
5,2020-03-20 20:30,2020-03-16 22:30,Topics
5,2020-03-20 20:30,2020-03-16 22:30,Topics
5,2020-03-20 20:30,2020-03-16 22:30,Topics
5,2020-03-20 20:30,2020-03-16 22:30,Topics
5,2020-03-20 20:30,2020-03-16 22:30,Topics
5,2020-03-20 20:30,2020-03-16 22:30,Topics
5,2020-03-20 20:30,2020-03-16 22:30,Topics
5,2020-03-20 20:30,2020-03-16 22:30,Topics
5,2020-03-20 20:30,2020-03-16 22:30,Topics
5,2020-03-20 20:30,2020-03-16 22:30,Topics
5,2020-03-20 20:30,2020-03-16 22:30,Topics
5,2020-03-20 20:30,2020-03-16 22:30,Topics
5,2020-03-20 20:30,2020-03-16 22:30,Topics
5,2020-03-20 20:30,2020-03-16 22:30,Topics
5,2020-03-20 20:30,2020-03-16 22:30,Topics
5,2020-03-20 20:30,2020-03-16 22:30,Topics
5,2020-03-20 20:30,2020-03-16 22:30,Topics
5,2020-03-20 20:30,2020-03-16 22:30,Topics
5,2020-03-20 20:30,2020-03-16 22:30,Topics
5,2020-03-20 20:30,2020-03-16 22:30,Topics
5,2020-03-20 20:30,2020-03-16 22:30,Topics
5,2020-03-20 20:30,2020-03-16 22:30,Topics
5,2020-03-20 20:30,2020-03-16 22:30,Topics
5,2020-03-20 20:30,2020-03-16 22:30,Topics
5,2020-03-20 20:30,2020-03-16 22:30,Topics
5,2020-03-20 20:30,2020-03-16 22:30,Topics
5,2020-03-20 20:30,2020-03-16 22:30,Topics
5,2020-03-20 20:30,2020-03-16 22:30,Topics
5,2020-03-20 20:30,2020-03-16 22:30,Topics
5,2020-03-20 20:30,2020-03-16 22:30,Topics
5,2020-03-20 20:30,2020-03-16 22:30,Topics
5,2020-03-20 20:30,2020-03-16 22:30,Topics
5,2020-03-20 20:30,2020-03-16 22:30,Topics
5,2020-03-20 20:30,2020-03-16 22:30,Topics
5,2020-03-20 20:30,2020-03-16 22:30,Topics
5,2020-03-20 20:30,2020-03-16 22:30,Topics
5,2020-03-20 20:30,2020-03-16 22:30,Topics
5,2020-03-20 20:30,2020-03-16 22:30,Topics
5,2020-03-20 20:30,2020-03-16 22:30,Topics
5,2020-03-20 20:30,2020-03-16 22:30,Topics
5,2020-03-20 20:30,2020-03-16 22:30,Topics
5,2020-03-20 20:30,2020-03-16 22:30,Topics
5,2020-03-20 20:30,2020-03-16 22:30,Topics
5,2020-03-20 20:30,2020-03-16 22:30,Topics
5,2020-03-20 20:30,2020-03-16 22:30,Topics
5,2020-03-20 20:30,2020-03-16 22:30,Topics
5,2020-03-20 20:30,2020-03-16 22:30,Topics
5,2020-03-20 20:30,2020-03-16 22:30,Topics
5,2020-03-20 20:30,2020-03-16 22:30,Topics
5,2020-03-20 20:30,2020-03-16 22:30,Topics
5,2020-03-20 20:30,2020-03-16 22:30,Topics
5,2020-03-20 20:30,2020-03-16 22:30,Topics
5,2020-03-20 20:30,2020-03-16 22:30,Topics
5,2020-03-20 20:30,2020-03-16 22:30,Topics
5,2020-03-20 20:30,2020-03-16 22:30,Topics
5,2020-03-20 20:30,2020-03-16 22:30,Topics
5,2020-03-20 20:30,2020-03-16 22:30,Topics
5,2020-03-20 20:30,2020-03-16 22:30,Topics
5,2020-03-20 20:30,2020-03-16 22:30,Topics
5,2020-03-20 20:30,2020-03-16 22:30,Topics
5,2020-03-20 20:30,2020-03-16 22:30,Topics
5,2020-03-20 20:30,2020-03-16 22:30,Topics
5,2020-03-20 20:30,2020-03-16 22:30,Topics
5,2020-03-20 20:30,2020-03-16 22:30,Topics
5,2020-03-20 20:30,2020-03-16 22:30,Topics
5,2020-03-20 20:30,2020-03-16 22:30,Topics
5,2020-03-20 20:30,2020-03-16 22:30,Topics
5,2020-03-20 20:30,2020-03-16 22:30,Topics
5,2020-03-20 20:30,2020-03-16 22:30,Topics
5,2020-03-20 20:30,2020-03-16 22:30,Topics
5,2020-03-20 20:30,2020-03-16 22:30,Topics
5,2020-03-20 20:30,2020-03-16 22:30,Topics
5,2020-03-20 20:30,2020-03-16 22:30,Topics
5,2020-03-20 20:30,2020-03-16 22:30,Topics
5,2020-03-20 20:30,2020-03-16 22:30,Topics
5,2020-03-20 20:30,2020-03-16 22:30,Topics
5,2020-03-20 20:30,2020-03-16 22:30,Topics
5,2020-03-20 20:30,2020-03-16 22:30,Topics
5,2020-03-20 20:30,2020-03-16 22:30,Topics
5,2020-03-20 20:30,2020-03-16 22:30,Topics
5,2020-03-20 20:30,2020-03-16 22:30,Topics
5,2020-03-20 20:30,2020-03-16 22:30,Topics
5,2020-03-20 20:30,2020-03-16 22:30,Topics
5,2020-03-20 20:30,2020-03-16 22:30,Topics
5,2020-03-20 20:30,2020-03-16 22:30,Topics
5,2020-03-20 20:30,2020-03-16 22:30,Topics
5,2020-03-20 20:30,2020-03-16 22:30,Topics
5,2020-03-20 20:30,2020-03-16 22:30,Topics
5,2020-03-20 20:30,2020-03-16 22:30,Topics
5,2020-03-20 20:30,2020-03-16 22:30,Topics
5,2020-03-20 20:30,2020-03-16 22:30,Topics
5,2020-03-20 20:30,2020-03-16 22:30,Topics
5,2020-03-20 20:30,2020-03-16 22:30,Topics
5,2020-03-20 20:30,2020-03-16 22:30,Topics
5,2020-03-20 20:30,2020-03-16 22:30,Topics
5,2020-03-20 20:30,2020-03-16 22:30,Topics
5,2020-03-20 20:30,2020-03-16 22:30,Topics
5,2020-03-20 20:30,2020-03-16 22:30,Topics
5,2020-03-20 20:30,2020-03-16 22:30,Topics
5,2020-03-20 20:30,2020-03-16 22:30,Topics
5,2020-03-20 20:30,2020-03-16 22:30,Topics
5,2020-03-20 20:30,2020-03-16 22:30,Topics
5,2020-03-20 20:30,2020-03-16 22:30,Topics
5,2020-03-20 20:30,2020-03-16 22:30,Topics
5,2020-03-20 20:30,2020-03-16 22:30,Topics
5,2020-03-20 20:30,2020-03-16 22:30,Topics
5,2020-03-20 20:30,2020-03-16 22:30,Topics
5,2020-03-20 20:30,2020-03-16 22:30,Topics
5,2020-03-20 20:30,2020-03-16 22:30,Topics
5,2020-03-20 20:30,2020-03-16 22:30,Topics
5,2020-03-20 20:30,2020-03-16 22:30,Topics
5,2020-03-20 20:30,2020-03-16 22:30,Topics
5,2020-03-20 20:30,2020-03-16 22:30,Topics
5,2020-03-20 20:30,2020-03-16 22:30,Topics
5,2020-03-20 20:30,2020-03-16 22:30,Topics
5,2020-03-20 20:30,2020-03-16 22:30,Topics
5,2020-03-20 20:30,2020-03-16 22:30,Topics
5,2020-03-20 20:30,2020-03-16 22:30,Topics
5,2020-03-20 20:30,2020-03-16 22:30,Topics
5,2020-03-20 20:30,2020-03-16 22:30,Topics
5,2020-03-20 20:30,2020-03-16 22:30,Topics
5,2020-03-20 20:30,2020-03-16 22:30,Topics
5,2020-03-20 20:30,2020-03-16 22:30,Topics
5,2020-03-20 20:30,2020-03-16 22:30,Topics
5,2020-03-20 20:30,2020-03-16 22:30,Topics
5,2020-03-20 20:30,2020-03-16 22:30,Topics
5,2020-03-20 20:30,2020-03-16 22:30,Topics
5,2020-03-20 20:30,2020-03-16 22:30,Topics
5,2020-03-20 20:30,2020-03-16 22:30,Topics
5,2020-03-20 20:30,2020-03-16 22:30,Topics
5,2020-03-20 20:30,2020-03-16 22:30,Topics
5,2020-03-20 20:30,2020-03-16 22:30,Topics
5,2020-03-20 20:30,2020-03-16 22:30,Topics
5,2020-03-20 20:30,2020-03-16 22:30,Topics
5,2020-03-20 20:30,2020-03-16 22:30,Topics
5,2020-03-20 20:30,2020-03-16 22:30,Topics
5,2020-03-20 20:30,2020-03-16 22:30,Topics
5,2020-03-20 20:30,2020-03-16 22:30,Topics
5,2020-03-20 20:30,2020-03-16 22:30,Topics
5,2020-03-20 20:30,2020-03-16 22:30,Topics
5,2020-03-20 20:30,2020-03-16 22:30,Topics
5,2020-03-20 20:30,2020-03-16 22:30,Topics
5,2020-03-20 20:30,2020-03-16 22:30,Topics
5,2020-03-20 20:30,2020-03-16 22:30,Topics
5,2020-03-20 20:30,2020-03-16 22:30,Topics
5,2020-03-20 20:30,2020-03-16 22:30,Topics
5,2020-03-20 20:30,2020-03-16 22:30,Topics
5,2020-03-20 20:30,2020-03-16 22:30,Topics
5,2020-03-20 20:30,2020-03-16 22:30,Topics
5,2020-03-20 20:30,2020-03-16 22:30,Topics
5,2020-03-20 20:30,2020-03-16 22:30,Topics
5,2020-03-20 20:30,2020-03-16 22:30,Topics
5,2020-03-20 20:30,2020-03-16 22:30,Topics
5,2020-03-20 20:30,2020-03-16 22:30,Topics
5,2020-03-20 20:30,2020-03-16 22:30,Topics
5,2020-03-20 20:30,2020-03-16 22:30,Topics
5,2020-03-20 20:30,2020-03-16 22:30,Topics
5,2020-03-20 20:30,2020-03-16 22:30,Topics
5,2020-03-20 20:30,2020-03-16 22:30,Topics
5,2020-03-20 20:30,2020-03-16 22:30,Topics
5,2020-03-20 20:30,2020-03-16 22:30,Topics
5,2020-03-20 20:30,2020-03-16 22:30,Topics
5,2020-03-20 20:30,2020-03-16 22:30,Topics
5,2020-03-20 20:30,2020-03-16 22:30,Topics
5,2020-03-20 20:30,2020-03-16 22:30,Topics
5,2020-03-20 20:30,2020-03-16 22:30,Topics
5,2020-03-20 20:30,2020-03-16 22:30,Topics
5,2020-03-20 20:30,2020-03-16 22:30,Topics
5,2020-03-20 20:30,2020-03-16 22:30,Topics
5,2020-03-20 20:30,2020-03-16 22:30,Topics
5,2020-03-20 20:30,2020-03-16 22:30,Topics
5,2020-03-20 20:30,2020-03-16 22:30,Topics
5,2020-03-20 20:30,2020-03-16 22:30,Topics
5,2020-03-20 20:30,2020-03-16 22:30,Topics
5,2020-03-20 20:30,2020-03-16 22:30,Topics
5,2020-03-20 20:30,2020-03-16 22:30,Topics
5,2020-03-20 20:30,2020-03-16 22:30,Topics
5,2020-03-20 20:30,2020-03-16 22:30,Topics
5,2020-03-20 20:30,2020-03-16 22:30,Topics
5,2020-03-20 20:30,2020-03-16 22:30,Topics
5,2020-03-20 20:30,2020-03-16 22:30,Topics
5,2020-03-20 20:30,2020-03-16 22:30,Topics
5,2020-03-20 20:30,2020-03-16 22:30,Topics
5,2020-03-20 20:30,2020-03-16 22:30,Topics
5,2020-03-20 20:30,2020-03-16 22:30,Topics
5,2020-03-20 20:30,2020-03-16 22:30,Topics
5,2020-03-20 20:30,2020-03-16 22:30,Topics
5,2020-03-20 20:30,2020-03-16 22:30,Topics
5,2020-03-20 20:30,2020-03-16 22:30,Topics
5,2020-03-20 20:30,2020-03-16 22:30,Topics
5,2020-03-20 20:30,2020-03-16 22:30,Topics
5,2020-03-20 20:30,2020-03-16 22:30,Topics
5,2020-03-20 20:30,2020-03-16 22:30,Topics
5,2020-03-20 20:30,2020-03-16 22:30,Topics
5,2020-03-20 20:30,2020-03-16 22:30,Topics
5,2020-03-20 20:30,2020-03-16 22:30,Topics
5,2020-03-20 20:30,2020-03-16 22:30,Topics
5,2020-03-20 20:30,2020-03-16 22:30,Topics
5,2020-03-20 20:30,2020-03-16 22:30,Topics
5,2020-03-20 20:30,2020-03-16 22:30,Topics
5,2020-03-20 20:30,2020-03-16 22:30,Topics
5,2020-03-20 20:30,2020-03-16 22:30,Topics
5,2020-03-20 20:30,2020-03-16 22:30,Topics
5,2020-03-20 20:30,2020-03-16 22:30,Topics
5,2020-03-20 20:30,2020-03-16 22:30,Topics
5,2020-03-20 20:30,2020-03-16 22:30,Topics
5,2020-03-20 20:30,2020-03-16 22:30,Topics
5,2020-03-20 20:30,2020-03-16 22:30,Topics
5,2020-03-20 20:30,2020-03-16 22:30,Topics
5,2020-03-20 20:30,2020-03-16 22:30,Topics
5,2020-03-20 20:30,2020-03-16 22:30,Topics
5,2020-03-20 20:30,2020-03-16 22:30,Topics
5,2020-03-20 20:30,2020-03-16 22:30,Topics
5,2020-03-20 20:30,2020-03-16 22:30,Topics
5,2020-03-20 20:30,2020-03-16 22:30,Topics
5,2020-03-20 20:30,2020-03-16 22:30,Topics
5,2020-03-20 20:30,2020-03-16 22:30,Topics
5,2020-03-20 20:30,2020-03-16 22:30,Topics
5,2020-03-20 20:30,2020-03-16 22:30,Topics
5,2020-03-20 20:30,2020-03-16 22:30,Topics
5,2020-03-20 20:30,2020-03-16 22:30,Topics
5,2020-03-20 20:30,2020-03-16 22:30,Topics
5,2020-03-20 20:30,2020-03-16 22:30,Topics
5,2020-03-20 20:30,2020-03-16 22:30,Topics
5,2020-03-20 20:30,2020-03-16 22:30,Topics
5,2020-03-20 20:30,2020-03-16 22:30,Topics
5,2020-03-20 20:30,2020-03-16 22:30,Topics
5,2020-03-20 20:30,2020-03-16 22:30,Topics
5,2020-03-20 20:30,2020-03-16 22:30,Topics
5,2020-03-20 20:30,2020-03-16 22:30,Topics
5,2020-03-20 20:30,2020-03-16 22:30,Topics
5,2020-03-20 20:30,2020-03-16 22:30,Topics
5,2020-03-20 20:30,2020-03-16 22:30,Topics
5,2020-03-20 20:30,2020-03-16 22:30,Topics
5,2020-03-20 20:30,2020-03-16 22:30,Topics
5,2020-03-20 20:30,2020-03-16 22:30,Topics
5,2020-03-20 20:30,2020-03-16 22:30,Topics
5,2020-03-20 20:30,2020-03-16 22:30,Topics
5,2020-03-20 20:30,2020-03-16 22:30,Topics
5,2020-03-20 20:30,2020-03-16 22:30,Topics
5,2020-03-20 20:30,2020-03-16 22:30,Topics
5,2020-03-20 20:30,2020-03-16 22:30,Topics
5,2020-03-20 20:30,2020-03-16 22:30,Topics
5,2020-03-20 20:30,2020-03-16 22:30,Topics
5,2020-03-20 20:30,2020-03-16 22:30,Topics
5,2020-03-20 20:30,2020-03-16 22:30,Topics
5,2020-03-20 20:30,2020-03-16 22:30,Topics
5,2020-03-20 20:30,2020-03-16 22:30,Topics
5,2020-03-20 20:30,2020-03-16 22:30,Topics
5,2020-03-20 20:30,2020-03-16 22:30,Topics
5,2020-03-20 20:30,2020-03-16 22:30,Topics
5,2020-03-20 20:30,2020-03-16 22:30,Topics
5,2020-03-20 20:30,2020-03-16 22:30,Topics
5,2020-03-20 20:30,2020-03-16 22:30,Topics
5,2020-03-20 20:30,2020-03-16 22:30,Topics
5,2020-03-20 20:30,2020-03-16 22:30,Topics
5,2020-03-20 20:30,2020-03-16 22:30,Topics
5,2020-03-20 20:30,2020-03-16 22:30,Topics
5,2020-03-20 20:30,2020-03-16 22:30,Topics
5,2020-03-20 20:30,2020-03-16 22:30,Topics
5,2020-03-20 20:30,2020-03-16 22:30,Topics
5,2020-03-20 20:30,2020-03-16 22:30,Topics
5,2020-03-20 20:30,2020-03-16 22:30,Topics
5,2020-03-20 20:30,2020-03-16 22:30,Topics
5,2020-03-20 20:30,2020-03-16 22:30,Topics
5,2020-03-20 20:30,2020-03-16 22:30,Topics
5,2020-03-20 20:30,2020-03-16 22:30,Topics
5,2020-03-20 20:30,2020-03-16 22:30,Topics
5,2020-03-20 20:30,2020-03-16 22:30,Topics
5,2020-03-20 20:30,2020-03-16 22:30,Topics
5,2020-03-20 20:30,2020-03-16 22:30,Topics
5,2020-03-20 20:30,2020-03-16 22:30,Topics
5,2020-03-20 20:30,2020-03-16 22:30,Topics
5,2020-03-20 20:30,2020-03-16 22:30,Topics
5,2020-03-20 20:30,2020-03-16 22:30,Topics
5,2020-03-20 20:30,2020-03-16 22:30,Topics
5,2020-03-20 20:30,2020-03-16 22:30,Topics
5,2020-03-20 20:30,2020-03-16 22:30,Topics
5,2020-03-20 20:30,2020-03-16 22:30,Topics
5,2020-03-20 20:30,2020-03-16 22:30,Topics
5,2020-03-20 20:30,2020-03-16 22:30,Topics
5,2020-03-20 20:30,2020-03-16 22:30,Topics
5,2020-03-20 20:30,2020-03-16 22:30,Topics
5,2020-03-20 20:30,2020-03-16 22:30,Topics
5,2020-03-20 20:30,2020-03-16 22:30,Topics
5,2020-03-20 20:30,2020-03-16 22:30,Topics
5,2020-03-20 20:30,2020-03-16 22:30,Topics
5,2020-03-20 20:30,2020-03-16 22:30,Topics
5,2020-03-20 20:30,2020-03-16 22:30,Topics
5,2020-03-20 20:30,2020-03-16 22:30,Topics
5,2020-03-20 20:30,2020-03-16 22:30,Topics
5,2020-03-20 20:30,2020-03-16 22:30,Topics
5,2020-03-20 20:30,2020-03-16 22:30,Topics
5,2020-03-20 20:30,2020-03-16 22:30,Topics
5,2020-03-20 20:30,2020-03-16 22:30,Topics
5,2020-03-20 20:30,2020-03-16 22:30,Topics
5,2020-03-20 20:30,2020-03-16 22:30,Topics
5,2020-03-20 20:30,2020-03-16 22:30,Topics
5,2020-03-20 20:30,2020-03-16 22:30,Topics
5,2020-03-20 20:30,2020-03-16 22:30,Topics
5,2020-03-20 20:30,2020-03-16 22:30,Topics
5,2020-03-20 20:30,2020-03-16 22:30,Topics
5,2020-03-20 20:30,2020-03-16 22:30,Topics
5,2020-03-20 20:30,2020-03-16 22:30,Topics
5,2020-03-20 20:30,2020-03-16 22:30,Topics
5,2020-03-20 20:30,2020-03-16 22:30,Topics
5,2020-03-20 20:30,2020-03-16 22:30,Topics
5,2020-03-20 20:30,2020-03-16 22:30,Topics
5,2020-03-20 20:30,2020-03-16 22:30,Topics
5,2020-03-20 20:30,2020-03-16 22:30,Topics
5,2020-03-20 20:30,2020-03-16 22:30,Topics
5,2020-03-20 20:30,2020-03-16 22:30,Topics
5,2020-03-20 20:30,2020-03-16 22:30,Topics
5,2020-03-20 20:30,2020-03-16 22:30,Topics
5,2020-03-20 20:30,2020-03-16 22:30,Topics
5,2020-03-20 20:30,2020-03-16 22:30,Topics
5,2020-03-20 20:30,2020-03-16 22:30,Topics
5,2020-03-20 20:30,2020-03-16 22:30,Topics
5,2020-03-20 20:30,2020-03-16 22:30,Topics
5,2020-03-20 20:30,2020-03-16 22:30,Topics
5,2020-03-20 20:30,2020-03-16 22:30,Topics
5,2020-03-20 20:30,2020-03-16 22:30,Topics
5,2020-03-20 20:30,2020-03-16 22:30,Topics
5,2020-03-20 20:30,2020-03-16 22:30,Topics
5,2020-03-20 20:30,2020-03-16 22:30,Topics
5,2020-03-20 20:30,2020-03-16 22:30,Topics
5,2020-03-20 20:30,2020-03-16 22:30,Topics
5,2020-03-20 20:30,2020-03-16 22:30,Topics
5,2020-03-20 20:30,2020-03-16 22:30,Topics
5,2020-03-20 20:30,2020-03-16 22:30,Topics
5,2020-03-20 20:30,2020-03-16 22:30,Topics
5,2020-03-20 20:30,2020-03-16 22:30,Topics
5,2020-03-20 20:30,2020-03-16 22:30,Topics
5,2020-03-20 20:30,2020-03-16 22:30,Topics
5,2020-03-20 20:30,2020-03-16 22:30,Topics
5,2020-03-20 20:30,2020-03-16 22:30,Topics
5,2020-03-20 20:30,2020-03-16 22:30,Topics
5,2020-03-20 20:30,2020-03-16 22:30,Topics
5,2020-03-20 20:30,2020-03-16 22:30,Topics
5,2020-03-20 20:30,2020-03-16 22:30,Topics
5,2020-03-20 20:30,2020-03-16 22:30,Topics
5,2020-03-20 20:30,2020-03-16 22:30,Topics
5,2020-03-20 20:30,2020-03-16 22:30,Topics
5,2020-03-20 20:30,2020-03-16 22:30,Topics
5,2020-03-20 20:30,2020-03-16 22:30,Topics
5,2020-03-20 20:30,2020-03-16 22:30,Topics
5,2020-03-20 20:30,2020-03-16 22:30,Topics
5,2020-03-20 20:30,2020-03-16 22:30,Topics
5,2020-03-20 20:30,2020-03-16 22:30,Topics
5,2020-03-20 20:30,2020-03-16 22:30,Topics
5,2020-03-20 20:30,2020-03-16 22:30,Topics
5,2020-03-20 20:30,2020-03-16 22:30,Topics
5,2020-03-20 20:30,2020-03-16 22:30,Topics
5,2020-03-20 20:30,2020-03-16 22:30,Topics
5,2020-03-20 20:30,2020-03-16 22:30,Topics
5,2020-03-20 20:30,2020-03-16 22:30,Topics
5,2020-03-20 20:30,2020-03-16 22:30,Topics
5,2020-03-20 20:30,2020-03-16 22:30,Topics
5,2020-03-20 20:30,2020-03-16 22:30,Topics
5,2020-03-20 20:30,2020-03-16 22:30,Topics
5,2020-03-20 20:30,2020-03-16 22:30,Topics
5,2020-03-20 20:30,2020-03-16 22:30,Topics
5,2020-03-20 20:30,2020-03-16 22:30,Topics
5,2020-03-20 20:30,2020-03-16 22:30,Topics
5,2020-03-20 20:30,2020-03-16 22:30,Topics
5,2020-03-20 20:30,2020-03-16 22:30,Topics
5,2020-03-20 20:30,2020-03-16 22:30,Topics
5,2020-03-20 20:30,2020-03-16 22:30,Topics
5,2020-03-20 20:30,2020-03-16 22:30,Topics
5,2020-03-20 20:30,2020-03-16 22:30,Topics
5,2020-03-20 20:30,2020-03-16 22:30,Topics
5,2020-03-20 20:30,2020-03-16 22:30,Topics
5,2020-03-20 20:30,2020-03-16 22:30,Topics
5,2020-03-20 20:30,2020-03-16 22:30,Topics
5,2020-03-20 20:30,2020-03-16 22:30,Topics
5,2020-03-20 20:30,2020-03-16 22:30,Topics
5,2020-03-20 20:30,2020-03-16 22:30,Topics
5,2020-03-20 20:30,2020-03-16 22:30,Topics
5,2020-03-20 20:30,2020-03-16 22:30,Topics
5,2020-03-20 20:30,2020-03-16 22:30,Topics
5,2020-03-20 20:30,2020-03-16 22:30,Topics
5,2020-03-20 20:30,2020-03-16 22:30,Topics
5,2020-03-20 20:30,2020-03-16 22:30,Topics
5,2020-03-20 20:30,2020-03-16 22:30,Topics
5,2020-03-20 20:30,2020-03-16 22:30,Topics
5,2020-03-20 20:30,2020-03-16 22:30,Topics
5,2020-03-20 20:30,2020-03-16 22:30,Topics
5,2020-03-20 20:30,2020-03-16 22:30,Topics
5,2020-03-20 20:30,2020-03-16 22:30,Topics
5,2020-03-20 20:30,2020-03-16 22:30,Topics
5,2020-03-20 20:30,2020-03-16 22:30,Topics
5,2020-03-20 20:30,2020-03-16 22:30,Topics
5,2020-03-20 20:30,2020-03-16 22:30,Topics
5,2020-03-20 20:30,2020-03-16 22:30,Topics
5,2020-03-20 20:30,2020-03-16 22:30,Topics
5,2020-03-20 20:30,2020-03-16 22:30,Topics
5,2020-03-20 20:30,2020-03-16 22:30,Topics
5,2020-03-20 20:30,2020-03-16 22:30,Topics
5,2020-03-20 20:30,2020-03-16 22:30,Topics
5,2020-03-20 20:30,2020-03-16 22:30,Topics
5,2020-03-20 20:30,2020-03-16 22:30,Topics
5,2020-03-20 20:30,2020-03-16 22:30,Topics
5,2020-03-20 20:30,2020-03-16 22:30,Topics
5,2020-03-20 20:30,2020-03-16 22:30,Topics
5,2020-03-20 20:30,2020-03-16 22:30,Topics
5,2020-03-20 20:30,2020-03-16 22:30,Topics
5,2020-03-20 20:30,2020-03-16 22:30,Topics
5,2020-03-20 20:30,2020-03-16 22:30,Topics
5,2020-03-20 20:30,2020-03-16 22:30,Topics
5,2020-03-20 20:30,2020-03-16 22:30,Topics
5,2020-03-20 20:30,2020-03-16 22:30,Topics
5,2020-03-20 20:30,2020-03-16 22:30,Topics
5,2020-03-20 20:30,2020-03-16 22:30,Topics
5,2020-03-20 20:30,2020-03-16 22:30,Topics
5,2020-03-20 20:30,2020-03-16 22:30,Topics
5,2020-03-20 20:30,2020-03-16 22:30,Topics
5,2020-03-20 20:30,2020-03-16 22:30,Topics
5,2020-03-20 20:30,2020-03-16 22:30,Topics
5,2020-03-20 20:30,2020-03-16 22:30,Topics
5,2020-03-20 20:30,2020-03-16 22:30,Topics
5,2020-03-20 20:30,2020-03-16 22:30,Topics
5,2020-03-20 20:30,2020-03-16 22:30,Topics
5,2020-03-20 20:30,2020-03-16 22:30,Topics
5,2020-03-20 20:30,2020-03-16 22:30,Topics
5,2020-03-20 20:30,2020-03-16 22:30,Topics
5,2020-03-20 20:30,2020-03-16 22:30,Topics
5,2020-03-20 20:30,2020-03-16 22:30,Topics
5,2020-03-20 20:30,2020-03-16 22:30,Topics
5,2020-03-20 20:30,2020-03-16 22:30,Topics
5,2020-03-20 20:30,2020-03-16 22:30,Topics
5,2020-03-20 20:30,2020-03-16 22:30,Topics
5,2020-03-20 20:30,2020-03-16 22:30,Topics
5,2020-03-20 20:30,2020-03-16 22:30,Topics
5,2020-03-20 20:30,2020-03-16 22:30,Topics
5,2020-03-20 20:30,2020-03-16 22:30,Topics
5,2020-03-20 20:30,2020-03-16 22:30,Topics
5,2020-03-20 20:30,2020-03-16 22:30,Topics
5,2020-03-20 20:30,2020-03-16 22:30,Topics
5,2020-03-20 20:30,2020-03-16 22:30,Topics
5,2020-03-20 20:30,2020-03-16 22:30,Topics
5,2020-03-20 20:30,2020-03-16 22:30,Topics
5,2020-03-20 20:30,2020-03-16 22:30,Topics
5,2020-03-20 20:30,2020-03-16 22:30,Topics
5,2020-03-20 20:30,2020-03-16 22:30,Topics
5,2020-03-20 20:30,2020-03-16 22:30,Topics
5,2020-03-20 20:30,2020-03-16 22:30,Topics
5,2020-03-20 20:30,2020-03-16 22:30,Topics
5,2020-03-20 20:30,2020-03-16 22:30,Topics
5,2020-03-20 20:30,2020-03-16 22:30,Topics
5,2020-03-20 20:30,2020-03-16 22:30,Topics
5,2020-03-20 20:30,2020-03-16 22:30,Topics
5,2020-03-20 20:30,2020-03-16 22:30,Topics
5,2020-03-20 20:30,2020-03-16 22:30,Topics
5,2020-03-20 20:30,2020-03-16 22:30,Topics
5,2020-03-20 20:30,2020-03-16 22:30,Topics
5,2020-03-20 20:30,2020-03-16 22:30,Topics
5,2020-03-20 20:30,2020-03-16 22:30,Topics
5,2020-03-20 20:30,2020-03-16 22:30,Topics
5,2020-03-20 20:30,2020-03-16 22:30,Topics
5,2020-03-20 20:30,2020-03-16 22:30,Topics
5,2020-03-20 20:30,2020-03-16 22:30,Topics
5,2020-03-20 20:30,2020-03-16 22:30,Topics
5,2020-03-20 20:30,2020-03-16 22:30,Topics
5,2020-03-20 20:30,2020-03-16 22:30,Topics
5,2020-03-20 20:30,2020-03-16 22:30,Topics
5,2020-03-20 20:30,2020-03-16 22:30,Topics
5,2020-03-20 20:30,2020-03-16 22:30,Topics
5,2020-03-20 20:30,2020-03-16 22:30,Topics
5,2020-03-20 20:30,2020-03-16 22:30,Topics
